StationID,DateTime,MobileNumber,Battery,WaterLevel,HourlyRain,DailyRainfall,Spare,Spare
&56039D42,18/08/26 11:00,7024105150,14.3,00.000,000.00,000.20,--,--
&56039D42,18/08/26 12:00,7024105150,14.3,00.000,000.00,000.20,--,--
&56039D42,18/08/26 13:00,7024105150,14.3,00.000,000.00,000.20,--,--
&56039D42,18/08/26 14:00,7024105150,14.3,00.000,000.00,000.20,--,--
&56039D42,18/08/26 15:00,7024105150,14.3,00.000,000.00,000.20,--,--
&56039D42,18/08/26 16:00,7024105150,14.1,00.000,000.00,000.20,--,--
&56039D42,18/08/26 17:00,7024105150,13.4,00.000,000.00,000.20,--,--
&56039D42,18/08/26 18:00,7024105150,13.0,00.000,000.00,000.20,--,--

